Group,F1 score,Accuracy,Precision,Recall
Women,0.4449877750611247,0.9475265834489135,0.8125,0.3063973063973064
Men,0.42649434571890155,0.937433909058865,0.7542857142857143,0.2972972972972973
