metric,value
F1 score,0.4355091383812011
Accuracy,0.94595
Precision,0.834
Recall,0.29469964664310955
