metric,value
F1 score,0.6768707482993198
Accuracy,0.962
Precision,0.9149425287356322
Recall,0.5371120107962213
