metric,value
F1 score,0.7729636048526862
Accuracy,0.9738
Precision,0.9988801791713325
Recall,0.6303886925795052
