metric,value
F1 score,0.750195771339076
Accuracy,0.9681
Precision,0.8936567164179104
Recall,0.6464237516869096
