Group,F1 score,Accuracy,Precision,Recall
Women,0.7416173570019724,0.9697179842810911,0.8952380952380953,0.632996632996633
Men,0.7558441558441559,0.9668664081776525,0.8926380368098159,0.6554054054054054
